feature,effect_d,t,p_value,mean_ASD,mean_TD,q_value
relpow_gamma_temporal,0.6886183551266087,4.2334821356775825,3.681505238741576e-05,0.060102829248595606,0.04953931250636834,0.00217208809085753
wpli_theta_parietal,0.4915184660888246,2.9337582611506443,0.003789888086953746,0.15508876710728248,0.14230106727247843,0.10525455774148276
theta_beta_ratio_frontal,0.46915604470491334,2.8196983593249008,0.005351926664821157,2.8116228917165262,2.416423475101926,0.10525455774148276
aperiodic_exponent,-0.31034440989515144,-2.240060805053838,0.026324182837802038,1.5593480114875944,1.6063255385378041,0.35922309808220837
wpli_beta_temporal,0.37526420066448707,2.181695485431584,0.030442635430695624,0.15662955984563465,0.14949322580347685,0.35922309808220837
relpow_theta_temporal,-0.3559885358262283,-2.0672145310108805,0.0401611497232477,0.19158121876150094,0.20145504186595756,0.39491797227860237
alpha_peak_freq,-0.23586052247346895,-1.8119693818785503,0.07167629229422534,8.877647593817782,9.05916001513307,0.5320804487549693
relpow_delta_occipital,0.22736236521718065,1.8089479994241269,0.07214650152609753,0.3254889858732312,0.31034032856566357,0.5320804487549693
relpow_alpha_occipital,-0.2346383719847683,-1.7479963498876534,0.08218887800470645,0.3095010075748172,0.33230157197129245,0.5387937558086312
wpli_beta_occipital,0.2571832550754129,1.491209431274106,0.13767655974155799,0.15164261919289593,0.14653177815150298,0.6180821263418509
relpow_alpha_central,0.22020507581348062,1.477003981432428,0.14144161502096647,0.2684365933629696,0.2634574222963379,0.6180821263418509
wpli_delta_global,0.2539408718975571,1.4764997976527672,0.14157669727331365,0.1474468749312286,0.1457617270717782,0.6180821263418509
relpow_alpha_frontal,-0.208690096666313,-1.4680470301237964,0.14385629943192085,0.26771848453239677,0.27317195052456356,0.6180821263418509
relpow_delta_parietal,0.19945584728485707,1.457778852774974,0.14666355540315104,0.3526715547227591,0.33493019214967834,0.6180821263418509
wpli_gamma_occipital,0.2270423950880413,1.311000594028777,0.19154634528951958,0.15012328739909372,0.1482422110948043,0.6651054116697309
relpow_theta_parietal,-0.21970199816334074,-1.2956011837394013,0.19679054023001694,0.1954421194657614,0.19702707403118355,0.6651054116697309
wpli_gamma_temporal,-0.219267206380201,-1.2854617983565362,0.20030088332402088,0.14474610713008323,0.15063229405904416,0.6651054116697309
relpow_gamma_parietal,-0.2184462936622251,-1.2780000058823069,0.20291351542466368,0.04616975835777801,0.05041044275164509,0.6651054116697309
wpli_theta_frontal,-0.21449238120132696,-1.2287492159957891,0.22078786712194853,0.15174606164618534,0.15415065771220834,0.6856044294839454
wpli_beta_parietal,0.20610072519318942,1.1846791653327287,0.2377236903313802,0.1551241559640685,0.1495961759940299,0.7012848864775716
wpli_delta_occipital,-0.18976674051400083,-1.0988211540521546,0.27333010590851303,0.14377309405306485,0.1483441488658824,0.7496116338341842
relpow_gamma_frontal,-0.1888083083263,-1.0845646629009287,0.27958129043932334,0.047625351889965514,0.05010580658199671,0.7496116338341842
wpli_alpha_frontal,-0.18013928982889565,-1.0563904921212173,0.2922214843760379,0.1454976261791803,0.1554523584348062,0.7496116338341842
relpow_delta_central,-0.13734985850403444,-0.9661070961210552,0.335301359432305,0.34255538847511535,0.34366599264295744,0.8039644248685214
wpli_delta_temporal,0.1623827510412942,0.9417510867370135,0.34759644827987246,0.14901556347063163,0.1498993215912922,0.8039644248685214
relpow_theta_frontal,0.16165404662296703,0.9287248216149561,0.3542894075691789,0.19956361426265815,0.1954203338207149,0.8039644248685214
relpow_delta_frontal,0.12746096332752355,0.8916208370001563,0.3737998773818781,0.337237663128208,0.3282992397489955,0.8168219542789188
aperiodic_offset,-0.13484707419844327,-0.7776740475184748,0.4377935849667541,1.0075972508668727,1.041179213647916,0.9224936254656604
relpow_delta_temporal,0.09674747058194755,0.6904109292438885,0.4908350631152517,0.3443989955298082,0.33772413622421515,0.9666270341806231
wpli_delta_central,0.11648895362524087,0.6722841156395151,0.5022745571577,0.14833763851805104,0.14657721918011168,0.9666270341806231
wpli_beta_central,0.11550004812134307,0.6634686928482002,0.5078887806711748,0.1518982106230866,0.14969916224026175,0.9666270341806231
wpli_alpha_central,-0.10959488725848592,-0.6284118551850009,0.5305396734414266,0.14927241504493943,0.152508828306301,0.9781825229076303
wpli_gamma_frontal,-0.08949521861552506,-0.5106970964175288,0.6101959590942013,0.14471354128084207,0.1486263718888797,0.9926252361487956
wpli_alpha_parietal,-0.0834487633534073,-0.4781833964990889,0.6331064399312192,0.14354765402498404,0.14628950368107344,0.9926252361487956
relpow_gamma_occipital,-0.07935206345385776,-0.45512866052699835,0.6495713152367169,0.04462497346739852,0.04398902318481819,0.9926252361487956
relpow_gamma_central,0.07273317691803712,0.41951938309293935,0.675342470473759,0.049536909956954804,0.047547823899807225,0.9926252361487956
wpli_theta_temporal,0.07212686369479945,0.41284427382220096,0.680217569163464,0.14955502466328785,0.14525080363376702,0.9926252361487956
relpow_theta_central,-0.07028835914287523,-0.40922112851342735,0.6828693674244541,0.19707442498909222,0.20014155266611547,0.9926252361487956
wpli_theta_occipital,0.06474540031694133,0.37725932998794764,0.7064303001229966,0.1494297016715547,0.14782316833460124,0.9926252361487956
relpow_beta_central,-0.06501122753408718,-0.370418611362774,0.7115110175607089,0.14239668321586774,0.14518720849478176,0.9926252361487956
relpow_alpha_temporal,-0.052534405711491164,-0.3633425095932598,0.7167801847355081,0.2598546941028862,0.2704305739193873,0.9926252361487956
wpli_delta_parietal,-0.062169031007826815,-0.3555140624080827,0.7226254526499655,0.14756534787233633,0.14744021008704,0.9926252361487956
wpli_beta_frontal,-0.057506418005563595,-0.3311043431398298,0.7409551310914444,0.15150816936318035,0.1480713537196134,0.9926252361487956
wpli_alpha_global,0.04516805166466702,0.257985094921352,0.7967164427380025,0.14911797094945614,0.15018515418996733,0.9926252361487956
relpow_theta_occipital,0.037309428802275994,0.2144413466301921,0.8304483673797901,0.18085644088819774,0.1773260807680223,0.9926252361487956
wpli_delta_frontal,0.03467477421156331,0.20057686652574783,0.8412584393619091,0.1454316827760668,0.14763838408055757,0.9926252361487956
wpli_beta_global,0.026733558031065967,0.1542791219150127,0.8775644427925898,0.15329652092814766,0.1519169480061359,0.9926252361487956
wpli_gamma_global,-0.02257624306729386,-0.1304256647757067,0.896376942553054,0.1457193614889401,0.1483126194378278,0.9926252361487956
wpli_alpha_occipital,0.020115540686712147,0.11596995707983855,0.9078070824161094,0.14935015054146236,0.15115928708100715,0.9926252361487956
relpow_beta_parietal,-0.017559778002129926,-0.10086123217354334,0.9197741355745765,0.1413528244741288,0.14442484009028023,0.9926252361487956
wpli_gamma_parietal,0.013877633018320255,0.0811166706035861,0.9354403022826207,0.1444030084316696,0.14574130655940404,0.9926252361487956
relpow_alpha_parietal,-0.011626032694824559,-0.07965329209459819,0.9366024885171895,0.2643637429795726,0.27320745097721266,0.9926252361487956
wpli_theta_global,0.01300399548575974,0.0745572899894177,0.9406506796485427,0.15056436636440462,0.14932623868022468,0.9926252361487956
relpow_beta_temporal,0.011711602416069998,0.06730013785403416,0.9464183019251257,0.1440622623572089,0.14085093548407146,0.9926252361487956
wpli_gamma_central,-0.0059393665105620915,-0.034194714765604275,0.9727601957635512,0.14458967446693977,0.14807956388730154,0.9926252361487956
wpli_theta_central,0.00492339188278474,0.02807470423869718,0.9776340205330306,0.15133346199866285,0.15016157948947073,0.9926252361487956
relpow_beta_frontal,0.0038535799307839553,0.022158180978368233,0.9823465956591897,0.1478548861867715,0.15300266932372916,0.9926252361487956
wpli_alpha_temporal,-0.0036594872652345543,-0.021007610438468535,0.9832631149414036,0.15020869077551907,0.14957637747259303,0.9926252361487956
relpow_beta_occipital,-0.0015964741043272585,-0.00925601934878094,0.9926252361487956,0.13952859219635516,0.13604299551020324,0.9926252361487956
