subject_id,microbiome,brain,metabolites,early_fusion,late_fusion
sub-0001,0.5202352558865275,0.982638460471542,0.5209732489390696,0.6406025278588855,0.8158450648944301
sub-0002,0.552918845962852,0.3404732577474227,0.6525291830288819,0.5010029478359246,0.6491797375656632
sub-0003,0.5511996498253094,0.7424903671090551,,,0.5869412733290883
sub-0004,0.46190444799658176,0.5115402828302136,0.4505265311964591,0.3782949808097759,0.45248934409308533
sub-0005,0.5857604540368561,,0.49576902920496674,,0.5430325262173724
sub-0006,0.5659256264648963,0.6425586042170464,0.5072921178656279,0.5339438100141162,0.5955994907809853
sub-0007,0.542184637862856,0.7628309857370712,,,0.6231225549684063
sub-0008,0.5015209320927739,0.3157594818268228,,,0.40216778451141694
sub-0009,0.5343025695359843,0.994647222923585,0.6708530480785511,0.5176484598013879,0.7754494886888952
sub-0010,0.5595810336691344,,0.5327904353958296,,0.608068009414659
sub-0011,0.5562759958708332,0.870178147852298,0.5540601334092076,0.5535888758776842,0.7006247820917283
sub-0012,0.5406332954826875,0.8725434555416262,0.6620193072781233,0.7253487606287922,0.7458754369627999
sub-0013,0.61031406866505,0.14691268945675348,0.560983008285352,0.6304195533963615,0.5740292032646505
sub-0014,0.4120429722323618,0.5602504670200167,0.3376854931656173,0.35682357842956164,0.31132699167920946
sub-0015,0.47737922563584395,,,,0.45238523470215536
sub-0016,0.4898714648465519,0.14793499062452453,0.5020884384482808,0.4175226796978169,0.38226594388515966
sub-0017,0.5232099882160348,0.5924795546704443,,,0.5582561060660378
sub-0018,0.5161583290635702,0.5476647833946185,0.5721136104093462,0.6899017427242508,0.5943744743637716
sub-0019,0.5490779597112506,0.8956332986014383,0.5906855654748644,0.5007809549014807,0.6578711289062376
sub-0020,0.4561261487473191,0.6061884485758867,0.39511044658253747,0.42735025304070656,0.45376027133761304
sub-0021,0.5364326677809775,0.7522875790707956,0.6086913788678756,0.7209107109393594,0.6635668892644552
sub-0022,0.5123251190340747,0.4835249327420797,,,0.5498458506030154
sub-0023,0.6209927581868632,0.43973549529120143,0.4855010075861191,0.5001163438138719,0.48789688057435
sub-0024,0.5394009172945392,0.5724774973313825,0.5995429009273459,0.5658724289497181,0.6598613883600098
sub-0025,0.46296636687981035,,0.43964605538967644,,0.4249564474118886
sub-0026,0.43868948560938675,0.889847482861227,0.41047211283981605,0.2660774859495059,0.4684371366764281
sub-0027,0.40601212980110185,,0.339407062681855,,0.27188932934846805
sub-0028,0.5173578493290233,0.8140794134126187,0.47801862704109394,0.4944051947780082,0.5382864772532671
sub-0029,0.5755885964882309,0.14079496743938827,0.47227926031872425,0.4992000582678899,0.4325782537502641
sub-0030,0.49272833187188136,0.2891240802415192,,,0.4061096920631222
sub-0031,0.4778290680360662,0.9475848389242517,0.73082623527245,0.6622645036739517,0.6646177707268838
sub-0032,0.5915847950044315,0.8301583680690013,0.5623416542059193,0.6524403447432648,0.7556979659708736
sub-0033,0.5102460738315474,0.55723298066184,0.6040325490493906,0.4901513040358356,0.587625392952447
sub-0034,0.4779002492365378,0.4386871514960146,,,0.4191220006514731
sub-0035,0.45065937588210897,0.5961283489918952,0.47086603731844007,0.46225548490085383,0.44339433067213546
sub-0036,0.483556422037432,0.32103107526533403,0.5001675616821967,0.479304600491049,0.42675209186757423
sub-0037,0.4517639020699095,0.6533161115976243,0.490725004309471,0.48646201928945954,0.45742708610892024
sub-0038,0.5474131824583829,,0.49179891975403905,,0.5413800871313085
sub-0039,0.4986166459282623,0.7610871606491987,0.47430459490872473,0.4998129840979671,0.5195847193567975
sub-0040,0.394128798126231,0.12524283758314378,0.45273439765307216,0.432157369063818,0.1922734865101227
sub-0041,0.5297164001090673,0.6347541041109682,0.5011539157613957,0.5131384327072044,0.5693225786660302
sub-0042,0.4958354697422543,0.27620584419488964,0.5030311518252574,0.48632601364806743,0.4403205078619045
sub-0043,0.5359264318128111,0.42692744283176937,,,0.5089780571670398
sub-0044,0.5130178812059428,,0.6084579598258569,,0.5250721840687803
sub-0045,0.5436836620770736,,,,0.5727612642871867
sub-0046,0.5467531536341678,0.5384901647031862,0.4080417495122817,0.5003525116227048,0.4659249149054047
sub-0047,0.648992322110567,0.8561344202699162,0.5490136110723197,0.5328224497760531,0.7254048170239819
sub-0048,0.6114966832646626,0.30421833703701107,,,0.5221945323350767
sub-0049,0.5350055486292409,0.40686532978181345,0.5715352255694809,0.41071946400419357,0.5777239087327262
sub-0050,0.49631098201833906,0.40412341398132484,0.5715125191465552,0.44600528978777415,0.4773230399753958
sub-0051,0.482024260857668,0.7885988111062145,0.20839460378541072,0.471524423025925,0.4107732362103051
sub-0052,0.4674531588756417,0.7590716128527776,,,0.5201050449402209
sub-0053,0.4959832649059011,0.16926657787676166,0.505100299361784,0.4276791115386998,0.4455640105989927
sub-0054,0.5019030662605481,0.9559385418142651,0.5028247151654336,0.500044721222538,0.6338987420921441
sub-0055,0.31658831771062174,0.20301865455526666,,,0.2891336858644253
sub-0056,0.5408345233969035,,,,0.5736909299183433
sub-0057,0.5227985317225873,,0.42213132594171765,,0.4529292586814293
sub-0058,0.4368384740292253,0.7323012391195202,,,0.4993093171497291
sub-0059,0.4613050170802278,0.24904907897484208,0.48110380287025395,0.3739566682123936,0.37259578555225475
sub-0060,0.5488053122046096,0.7743882375120535,0.5259748263718383,0.7096502845580184,0.6210115735359243
sub-0061,0.4935877441117699,0.8711441515598768,0.398021500201579,0.4957191496852466,0.558259575849296
sub-0062,0.5121240990765203,0.5241294267390711,0.5716877079871471,0.49939716552686236,0.4802931875912138
sub-0063,0.484091452729301,0.669968695962868,0.5358042727533437,0.46029455706250405,0.5394684728126101
sub-0064,0.509990298795342,0.8135172674781135,0.4774725626376117,0.42065595185601046,0.5901051887423537
sub-0065,0.5348169243120369,0.16533048615883192,0.590707166787742,0.5002412385358911,0.49367350563818163
sub-0066,0.5122935395780013,,0.5211187678369981,,0.5418175836675185
sub-0067,0.4958816412935425,0.510291795217558,,,0.5032191353807676
sub-0068,0.5337954712061209,0.7835308112672,0.53314677332766,0.5028405551236119,0.6005283007379004
sub-0069,0.6165081220580714,0.8902356107926446,,,0.7227486031500558
sub-0070,0.37558367954814825,0.9426171815812081,0.42894988619516083,0.4984705428890181,0.4569468200684265
sub-0071,0.4991982568442838,0.31092927607569104,,,0.46367310902129644
sub-0072,0.4755603146062691,0.9998984502138925,0.6755835307536109,0.5157043258675514,0.8146945683443269
sub-0073,0.5438552455537338,0.4120019646259701,0.5266786445219446,0.39817212210508884,0.5628132008299449
sub-0074,0.49454443862343705,0.19744542065308815,0.45557541438458155,0.449009466148706,0.38752289504837467
sub-0075,0.45081840465530876,0.10495177056345699,0.5006150520848114,0.4888335186203708,0.33890167979380137
sub-0076,0.5278296207353054,0.7288092772234198,0.6357019400776484,0.5337189200779637,0.6557771808639276
sub-0077,0.4852369534037588,,0.4819917234424898,,0.4601020301718446
sub-0078,0.47221545029741724,0.9999557457677716,0.49835871027557554,0.5391951517697872,0.638611053628058
sub-0079,0.4882918789144477,0.7859237737429786,0.4873620097549833,0.4996955115985106,0.5715411719528785
sub-0080,0.36049795529685746,0.26588363380939956,,,0.31575959592964414
sub-0081,0.4742143646647317,0.23694580058839312,0.494947382417746,0.42982788232896324,0.37984118822508567
sub-0082,0.5773371574427982,0.4735181655110933,0.6430778607552762,0.5125478962813034,0.6324846765444021
sub-0083,0.5479575533989975,0.8277498880311608,0.531712599978179,0.5460134466598777,0.6665262414149788
sub-0084,0.5216528410349078,0.9643994307592813,0.5195765016441393,0.5163136750683818,0.6564424753724317
sub-0085,0.46181529219963574,0.8819748683256221,0.29304103625611005,0.49531269472714246,0.47882940959813153
sub-0086,0.4796831513920237,0.48379312329076646,,,0.4650595761047949
sub-0087,0.5121387561328653,0.3799875080955179,0.6096909720985851,0.5368620447227493,0.5278493439859305
sub-0088,0.5158559713659506,0.18733233643686953,0.5605640288781658,0.5004265012129921,0.4656555752467284
sub-0089,0.5307951788242217,0.12040174405441954,0.522049386374448,0.5388425828896232,0.49126310949312324
sub-0090,0.5243735686386372,0.18574580948799604,0.37062456471356614,0.4916670693505592,0.43383065873820686
sub-0091,0.5054138671098537,0.516039531198582,0.5001211930498424,0.4861883698321998,0.5299014010151383
sub-0092,0.5811758087662847,0.555195557036129,,,0.5219948866190453
sub-0093,0.4449114506427956,,,,0.4557116165807898
sub-0094,0.5349360586498189,0.6781214554694018,0.5308902796145488,0.6168633020389523,0.5690087538410625
sub-0095,0.5851687052527867,0.37831086370098516,,,0.4909377079205037
sub-0096,0.5344238602852656,,,,0.5688758328845357
sub-0097,0.5555496038663791,,,,0.6706989340512982
sub-0098,0.49226647695753556,,0.5187182952609398,,0.51979846204791
sub-0099,0.4910641662607209,0.5217434739565573,0.5582808031964993,0.6512526337768133,0.5517856948668626
sub-0100,0.505288397025676,0.8982075190599955,0.5218896663314281,0.4994348598754179,0.7332957556148045
sub-0101,0.4908926177657966,,0.5659345942703333,,0.5522011588059962
sub-0102,0.5812290956115888,0.9912572922405886,0.5878657255605537,0.6623623391613149,0.9090745444461331
sub-0103,0.5078257031592978,0.9154329534450488,0.5545739625714282,0.6967780025657616,0.689834815635995
sub-0104,0.49624134738604564,0.8380367578251184,0.3485280739559251,0.48598420134351544,0.5569729972221379
sub-0105,0.5264035373882777,0.07072169682284467,0.5212626001266351,0.35570517705605176,0.35929381349951844
sub-0106,0.5027959239159994,0.16629163016293713,,,0.40998840996556146
sub-0107,0.554614080836698,0.3659218495596364,,,0.5738009170702808
sub-0108,0.5064567000677471,0.7592815757883534,,,0.5389677954869775
sub-0109,0.4143973860142216,0.4445811329631284,0.442542102207421,0.4991005250223927,0.35366604970125687
sub-0110,0.4890617397925534,0.9552597989697894,,,0.6846620552851205
sub-0111,0.4773057812950743,,,,0.47868729182317216
sub-0112,0.5186751321501591,0.2473287105972554,0.5525291262398508,0.5002297416863504,0.5257439019030828
sub-0113,0.4884829874955083,0.6487512631932059,0.5192294100839356,0.4930512097726108,0.4994349752038332
sub-0114,0.49316239864913647,,0.5183352973899225,,0.4917973351321125
sub-0115,0.5891184104077177,0.5459883915566327,,,0.5989068160260628
sub-0116,0.502267222984671,0.2097352873856542,,,0.41457100406676006
sub-0117,0.6217428493317514,,,,0.6695665582986128
sub-0118,0.5617276619762949,0.08873442467640769,0.5344388498816836,0.5353935981776908,0.6581161784169338
sub-0119,0.5347006554223604,0.6110720235026538,0.4728080692819923,0.408239978639977,0.5727687641744788
sub-0120,0.5572948373975765,0.14107472965497492,0.6729173966087775,0.5565559035623541,0.4863029199415019
sub-0121,0.3123275927398083,,0.46969607111088524,,0.3613739884209306
sub-0122,0.5156858971376698,0.939991814140011,0.3565345071418394,0.5167769263602727,0.7165998775272929
sub-0123,0.43558360104290905,,0.38078825104252756,,0.3541475382726915
sub-0124,0.4502482063095552,0.8200251391133003,0.3884522309296307,0.4803557775837439,0.440843551457359
sub-0125,0.5605422783989021,,0.40437794402178967,,0.5015977408304702
sub-0126,0.5245045788849378,0.4192598676552403,0.5314454288865359,0.5002606136927414,0.5218008849713914
sub-0127,0.5248981690797585,0.25853688249275003,0.5017938899406844,0.3867214020131433,0.5205538701784511
sub-0128,0.47667467604471336,0.3864873327329734,0.47242917263922185,0.3771628983201356,0.37670939780873985
sub-0129,0.5004806783838878,0.2289188463450705,0.47038830658796166,0.37441082238918266,0.44138478360625316
sub-0130,0.6451231007818498,0.364622593043829,,,0.5733638385157002
sub-0131,0.4966880855382203,0.07113196030725055,0.48956337596220917,0.4791944366929421,0.3080937543140527
sub-0132,0.4961097217982215,0.6716976040099122,0.1784696675052632,0.47623791305715096,0.4880114585224293
sub-0133,0.43221411039781565,0.5184920189697975,0.455936515600706,0.38054154552679426,0.4190235300710525
sub-0134,0.48593023321240286,,,,0.4833518283507526
sub-0135,0.48714935461393566,0.04809212207816494,0.48974090377773827,0.47627381727916096,0.33682399406718444
sub-0136,0.48969037095594187,0.1324800982744706,0.4922566018970714,0.46943889499015173,0.3841736688640105
sub-0137,0.48106110416828546,0.39356109099246317,0.5082857882566784,0.49996636670603484,0.41352750904982544
sub-0138,0.49849891699807736,0.4092733696844684,,,0.4774085056372026
sub-0139,0.4831530278526772,0.5773985558436269,0.4825044302298486,0.4288802185693889,0.4991135915425178
sub-0140,0.418594210992854,0.01168791067428643,0.4808613664599588,0.460330194835428,0.24642456696141457
sub-0141,0.510259449509732,0.43273137060240713,,,0.504019030364028
sub-0142,0.5985270890017043,0.3676522085108371,,,0.597665848258848
sub-0143,0.5487008984411681,0.3217575310808957,0.5465522289791335,0.5874223238692275,0.5320380846552971
sub-0144,0.4621852524041589,0.3926253940916424,,,0.32477401370524717
sub-0145,0.5936781915767807,0.31415622604762905,0.5139373878336658,0.5860085454161551,0.5872309874712701
sub-0146,0.4962866870346596,0.37072718175136316,0.5113867458143444,0.6343257612503926,0.47632726752198035
sub-0147,0.49594694894376806,0.17948019080485533,0.504816019639737,0.5296442207374362,0.45448416376388745
sub-0148,0.5149806397545591,0.6889698854608045,,,0.5832935309274813
sub-0149,0.47028533290218827,0.7054665846929344,0.4855606915002064,0.6577980391398282,0.4593979171948391
sub-0150,0.48255089814671215,0.6364912664029286,,,0.4966402873152183
sub-0151,0.5969514152519834,0.9664484491997666,,,0.7966009442277325
sub-0152,0.5268831241674959,0.33559927682991275,0.5781026392551524,0.5533587953658256,0.5075539284931257
sub-0153,0.4872626563631364,0.2824370814588904,0.640913537072875,0.64588343322399,0.49557234254724475
sub-0154,0.46466777053221014,0.09210401599591576,,,0.3291215920954162
sub-0155,0.49384163967404654,0.5938081266117795,0.5188719511198091,0.4412287077621094,0.5202492999663613
sub-0156,0.5274645870530686,,0.540824973960827,,0.5806065935558719
sub-0157,0.5155076739630167,0.3501409530066264,0.49077095530984716,0.577636745449586,0.4876098057823888
sub-0158,0.5291278908315332,0.7528138763564031,0.7009005433047939,0.6689278161670634,0.6104067997157799
sub-0159,0.4831064863915191,0.04897022931997869,0.6019021509719794,0.39324902091308456,0.35921203435733856
sub-0160,0.38776855079452793,0.15703766057291643,0.3941648933257724,0.3479229081810395,0.22647483696433726
sub-0161,0.530300305651319,0.7335864382944117,0.5690897338924928,0.5152738935916173,0.6653970381109873
sub-0162,0.45115293156810127,0.5397219813106414,0.5137748187099558,0.5003598731348936,0.4823857038300086
sub-0163,0.49070757195611536,0.8211554123589712,0.4491028098059216,0.5066084025551997,0.5609128307377432
sub-0164,0.48927298924268375,,,,0.49706408033675475
sub-0165,0.4771194898083448,,0.5304822921641635,,0.5382706856495405
sub-0166,0.466357379766907,0.9346717768286709,0.49248834113585477,0.4991524877920457,0.5881972104787523
sub-0167,0.5863410565945725,0.22134451759145923,0.4444540506891997,0.43177843663694176,0.47904347372013567
sub-0168,0.487843603695596,,,,0.4870164903188354
sub-0169,0.5269049247620011,0.055230552264716216,0.518358555249342,0.5034217025019561,0.4952541046581138
sub-0170,0.4861592226860749,,0.43184161396170023,,0.4039082725036179
sub-0171,0.6593289481678041,0.7218934495004387,0.4786902748256978,0.6625536226839102,0.7807405042997099
sub-0172,0.4976385244421082,0.5478822033197279,,,0.49351516813061647
sub-0173,0.45961352590545834,0.32008187544928296,0.48242452737998787,0.46915385452268366,0.3718742504175625
sub-0174,0.5316285808830297,0.9532844997818196,0.3990345973215768,0.5008382496882285,0.5658490242513953
sub-0175,0.49855514807198914,0.3572039155978272,,,0.4496694526001119
sub-0176,0.4707639687461705,0.1870386632402552,0.4274635371367877,0.407609614910438,0.2779342633340464
sub-0177,0.4529562773585565,0.4494763104284032,,,0.47182527113632
sub-0178,0.5819455916922357,0.5209476407175094,0.5188995925426233,0.500345647977133,0.5654662853223226
sub-0179,0.5124628220287027,0.8262118793459102,0.4800361107320641,0.5003371148592274,0.5741246168819525
sub-0180,0.4477679057182397,,0.4802004690266377,,0.4054131884853653
sub-0181,0.508444214396576,0.07416631069088832,0.5499514533589246,0.3631271996274183,0.3945709252254718
sub-0182,0.4891177580983774,0.34407112340204843,0.48304201146866776,0.3839896801035527,0.4550889569287197
sub-0183,0.37455333059985046,0.376154392075355,0.31113114105109124,0.3440102032485308,0.2857681199875559
sub-0184,0.49409802278917625,0.31241733184663306,0.5257961488108661,0.5023045757469944,0.448814458406875
sub-0185,0.5274545368604273,0.2776935643130321,0.3696294712375674,0.5080742976596541,0.3180238764330628
sub-0186,0.5165390508290547,,,,0.4986501668649315
sub-0187,0.5010619748884386,0.17881420075507345,,,0.397558340767322
sub-0188,0.49759063827746197,0.6534297805816539,,,0.5366741374785233
sub-0189,0.43456771561492263,0.7470311881800532,0.48572634448476965,0.4378451622120445,0.4860204278288352
sub-0190,0.412694040339554,,0.4903272055660577,,0.41585079856415286
sub-0191,0.4970494732827489,0.818916638419251,0.5077449722083017,0.49937312415390595,0.5300298912373201
sub-0192,0.5119944392208601,0.34276053938941525,0.5154329076122127,0.5087728450979148,0.5334324029627673
sub-0193,0.5022872944987231,0.052740425732728385,0.4463944471635099,0.45222235666323035,0.31924868289388697
sub-0194,0.47873787810958285,0.627451741439682,0.5698459180873541,0.5152029563060171,0.5090667651098729
sub-0195,0.44781273375265157,0.48165975281393675,0.38208880554362024,0.5001234510204663,0.471759235831257
sub-0196,0.5074598828561773,0.921233209354854,,,0.5958848984605866
sub-0197,0.6330689993970567,0.5722141558298292,0.6076874016624947,0.6500059297311428,0.6393752257330396
sub-0198,0.409756104058731,,0.4307224851154869,,0.36670398890425987
sub-0199,0.5217354112833655,0.9595872324793833,0.5258850803374809,0.5007828017710083,0.7218278979110636
sub-0200,0.4755488676579723,0.05758735974850643,0.3862614288071853,0.4343350378411432,0.2868602098350626
sub-0201,0.5500709250733199,0.12334161236972419,0.5205973065981232,0.525025995433743,0.5593477576087712
sub-0202,0.5155683189463626,0.17066446972248858,0.5250836170186438,0.5235044679938355,0.534484810037838
sub-0203,0.4388578372387563,0.8294181631029279,0.3541197848761326,0.476886305290223,0.41617916819050044
sub-0204,0.4170936415965965,0.5727516368191096,0.4067320782218184,0.49593528058771813,0.41004207805178955
sub-0205,0.5008047750048205,0.33582583235083047,0.49852968613287185,0.4801537613865297,0.4161449067576659
sub-0206,0.5079114560411487,,0.6710831873085722,,0.5711897246217851
sub-0207,0.49933696434432767,0.09215865227165325,,,0.33109111065988456
sub-0208,0.4392621862113774,,,,0.3974448211813131
sub-0209,0.6134822578112897,,0.5855864917294151,,0.6003423123379809
sub-0210,0.4816200243375413,0.3719862626302988,0.48088925672412386,0.49966561818158484,0.42322663707090574
sub-0211,0.4200044930653566,0.0813524497032768,,,0.32386850962975716
sub-0212,0.49111151579053464,0.5479838101009948,0.49715328432572276,0.5157792317471364,0.4993459106023053
sub-0213,0.3242468420199253,0.4049858811468332,0.4737804265889505,0.49866940896501405,0.2202007401644547
sub-0214,0.48537221257682384,0.28045066576165223,,,0.4317547558524244
sub-0215,0.490588375445477,0.3221195134280988,,,0.4073650868410683
sub-0216,0.5257974990180156,0.05305972224845321,0.4133053171882066,0.44454872694876685,0.3201733002902632
sub-0217,0.4671183477613037,0.3579407199714204,0.22654517273624283,0.49952983435980075,0.3074236365350478
sub-0218,0.3865746710098558,0.6058158904553067,0.4747267732883722,0.4996225632648587,0.3983144835172652
sub-0219,0.46432909073808243,0.7389292012839773,,,0.5147210716856745
sub-0220,0.46013906342906724,0.30488397042441906,0.4672512906738615,0.4470946156371891,0.37084974139375465
