,mean_coef,sign_stability
relpow_gamma_temporal,1.0016833558703564,1.0
wpli_delta_global,0.886581057232011,1.0
wpli_beta_global,-0.6963340763173309,1.0
wpli_theta_parietal,0.6676033414717828,1.0
theta_beta_ratio_frontal,0.5714255684913454,1.0
wpli_delta_occipital,-0.5516872474736498,1.0
wpli_gamma_temporal,-0.5507845243183487,1.0
wpli_beta_temporal,0.4498178027796088,1.0
relpow_theta_temporal,-0.44504729431764656,1.0
wpli_alpha_central,-0.37900000031961717,0.9333333333333333
alpha_peak_freq,-0.315135182813857,1.0
wpli_beta_parietal,0.31301336418078,1.0
wpli_delta_central,0.312365261847537,1.0
aperiodic_offset,-0.31159346972437246,1.0
wpli_theta_global,-0.28958506357719493,0.9333333333333333
wpli_beta_occipital,0.27565863906699245,0.9333333333333333
wpli_alpha_frontal,-0.2574052303795204,0.9333333333333333
relpow_delta_parietal,0.24803212392851748,1.0
wpli_alpha_temporal,-0.23919820704632022,0.8
wpli_delta_parietal,-0.2386541718944934,0.9333333333333333
relpow_gamma_frontal,-0.22411427758674224,0.9333333333333333
relpow_delta_temporal,0.21832932637744365,1.0
wpli_delta_frontal,-0.21498477558669155,1.0
wpli_theta_occipital,-0.20229027487936938,0.8
relpow_theta_frontal,0.19051413454851437,1.0
relpow_alpha_temporal,-0.18145793981879824,1.0
wpli_theta_frontal,-0.17394628189397077,0.8666666666666667
wpli_gamma_occipital,0.17178910412552204,0.8666666666666667
wpli_gamma_parietal,-0.16494522538953002,0.8
wpli_theta_central,-0.1591883323599558,0.7333333333333333
relpow_delta_occipital,0.15608977855049228,0.9333333333333333
wpli_beta_central,0.15143326564168957,0.8666666666666667
relpow_beta_parietal,-0.14928362941769463,0.9333333333333333
wpli_delta_temporal,0.1474194682862599,0.8
relpow_alpha_parietal,-0.13615657657723773,0.9333333333333333
wpli_alpha_occipital,0.12724126369476765,0.8
relpow_alpha_frontal,-0.11224314022015631,0.8666666666666667
relpow_delta_central,-0.1078239799871226,1.0
relpow_alpha_occipital,-0.10581760854928973,0.9333333333333333
relpow_beta_central,0.10050885299470046,0.6666666666666666
relpow_theta_occipital,-0.0995133833838175,0.6
relpow_beta_frontal,0.09792372335537648,0.7333333333333333
wpli_alpha_parietal,0.09231700696851947,0.8
wpli_beta_frontal,-0.08255101091501509,0.6666666666666666
wpli_theta_temporal,-0.07275382201871225,0.5333333333333333
relpow_beta_occipital,0.07180302474058833,0.7333333333333333
relpow_alpha_central,0.0648716472251551,0.8
relpow_gamma_parietal,-0.054208411096422895,0.6
relpow_theta_parietal,-0.052170347880402944,0.6
relpow_delta_frontal,-0.04884485419750287,0.7333333333333333
wpli_gamma_frontal,0.04021339412317901,0.4666666666666667
relpow_gamma_occipital,-0.035297277610629514,0.6
relpow_gamma_central,0.033597886811514516,0.5333333333333333
aperiodic_exponent,-0.0279057914442431,0.6666666666666666
relpow_theta_central,-0.023879553529407873,0.6666666666666666
wpli_alpha_global,0.02171581633720505,0.4666666666666667
wpli_gamma_central,-0.019327015923523486,0.5333333333333333
relpow_beta_temporal,0.010313237674633435,0.6
wpli_gamma_global,-0.010189374629132443,0.4666666666666667
