,mode1,mode2
relpow_delta_frontal,0.0,0.0
relpow_theta_frontal,0.0,-0.0
relpow_alpha_frontal,-0.0,0.0
relpow_beta_frontal,0.0,0.0
relpow_gamma_frontal,0.0,0.0
relpow_delta_central,-0.0,-0.0
relpow_theta_central,-0.0,0.0
relpow_alpha_central,0.0,-0.0
relpow_beta_central,-0.0,-0.0
relpow_gamma_central,0.027677724484633952,0.0
relpow_delta_temporal,-0.0,0.0
relpow_theta_temporal,-0.0,0.0
relpow_alpha_temporal,0.0,-0.0
relpow_beta_temporal,0.0,-0.0
relpow_gamma_temporal,0.05162192426723581,-0.0
relpow_delta_parietal,0.0,-0.0
relpow_theta_parietal,-0.0,-0.0
relpow_alpha_parietal,-0.0,0.0
relpow_beta_parietal,-0.0,-0.0
relpow_gamma_parietal,-0.0,0.0
relpow_delta_occipital,0.0,0.0
relpow_theta_occipital,0.0,-0.0
relpow_alpha_occipital,-0.0,-0.0
relpow_beta_occipital,-0.0,-0.0
relpow_gamma_occipital,-0.0,-0.0
theta_beta_ratio_frontal,0.0,-0.0
alpha_peak_freq,0.0,0.0
aperiodic_exponent,-0.6843013397470644,-0.0
aperiodic_offset,0.0,0.0
wpli_delta_global,-0.0,0.0
wpli_delta_frontal,0.0,0.0
wpli_delta_central,-0.0,0.0
wpli_delta_temporal,-0.0,0.0
wpli_delta_parietal,-0.0,0.0
wpli_delta_occipital,-0.047327606412120665,0.0
wpli_theta_global,0.0,-0.6163773276741803
wpli_theta_frontal,0.0,-0.14606662496058453
wpli_theta_central,0.0,-0.0
wpli_theta_temporal,-0.0,-0.0
wpli_theta_parietal,0.0,-0.0
wpli_theta_occipital,0.0,-0.7737851969389569
wpli_alpha_global,-0.0,-0.0
wpli_alpha_frontal,-0.7253005546626672,-0.0
wpli_alpha_central,-0.0,0.0
wpli_alpha_temporal,0.0,-0.0
wpli_alpha_parietal,0.0,0.0
wpli_alpha_occipital,-0.0,-0.0
wpli_beta_global,-0.0,-0.0
wpli_beta_frontal,-0.0,0.0
wpli_beta_central,0.0,-0.0
wpli_beta_temporal,0.0,-0.0
wpli_beta_parietal,-0.0,-0.0
wpli_beta_occipital,0.0,-0.0
wpli_gamma_global,0.0,-0.0
wpli_gamma_frontal,0.0,0.0
wpli_gamma_central,0.0,-0.0
wpli_gamma_temporal,0.0,-0.0
wpli_gamma_parietal,0.0,0.0
wpli_gamma_occipital,0.0,-0.0
