feature_a,feature_b,r,p_value,q_value
Bifidobacterium,kynurenate,0.6834767931060275,1.2316473057924151e-23,5.542412876065868e-21
Clostridium,p_cresol_sulfate,0.6491339489472325,9.44152814523837e-21,2.124343832678633e-18
Clostridium,indole_3_propionate,-0.6248029456885152,6.370543905720738e-19,9.555815858581107e-17
Desulfovibrio,hydrogen_sulfide_proxy,0.6125330070382085,4.647094929460833e-18,5.227981795643436e-16
Desulfovibrio,kynurenate,-0.5688896227706578,2.8392792127851732e-15,2.555351291506656e-13
Clostridium,4_ethylphenyl_sulfate,0.5497155502490259,3.5660865499005866e-14,2.67456491242544e-12
Bifidobacterium,indole_3_propionate,0.5292092000547588,4.492861891224853e-13,2.8882683586445485e-11
Prevotella,kynurenate,0.48688680297109216,5.0445170041018266e-11,2.8375408148072774e-09
Faecalibacterium,butyrate,0.47854595440618375,1.1878000471094502e-10,5.939000235547251e-09
Bifidobacterium,GABA,0.4568202314267932,9.949099516532683e-10,4.4770947824397074e-08
Prevotella,indole_3_propionate,0.4407538659339139,4.364520499168102e-09,1.7172491613745277e-07
Coprococcus,butyrate,0.44021756771823456,4.57933109699874e-09,1.7172491613745277e-07
Bifidobacterium,p_cresol_sulfate,-0.43571548532871546,6.831909820575432e-09,2.3648918609684187e-07
Coprococcus,indole_3_propionate,0.4282242460423309,1.3124440907830706e-08,4.1573760040673523e-07
Prevotella,4_ethylphenyl_sulfate,-0.4275919786722668,1.3857920013557841e-08,4.1573760040673523e-07
Bifidobacterium,4_ethylphenyl_sulfate,-0.4110598805184028,5.5246465253147645e-08,1.5538068352447775e-06
Coprococcus,kynurenate,0.40896549485506534,6.54800530665625e-08,1.7332955223501838e-06
Desulfovibrio,4_ethylphenyl_sulfate,0.3925011396337083,2.3932465535819096e-07,5.983116383954774e-06
Faecalibacterium,4_ethylphenyl_sulfate,-0.3793166713945588,6.430005527623362e-07,1.5228960460160596e-05
Clostridium,serotonin,0.37611864045579707,8.119370823838916e-07,1.826858435363756e-05
Faecalibacterium,indole_3_propionate,0.36349869665420476,1.990214798644541e-06,4.1973955510211575e-05
Coprococcus,4_ethylphenyl_sulfate,-0.3630583675929101,2.0520600471658993e-06,4.1973955510211575e-05
Faecalibacterium,kynurenate,0.36212407964875293,2.1893926560020924e-06,4.2835943269606154e-05
Desulfovibrio,indole_3_propionate,-0.3611135809055254,2.347753005577194e-06,4.402036885457239e-05
Clostridium,kynurenate,-0.35860991502495904,2.78837823006968e-06,5.0190808141254246e-05
Desulfovibrio,p_cresol_sulfate,0.3578873237448857,2.929499489118003e-06,5.07028757731962e-05
Sutterella,kynurenate,-0.33939350317051037,9.953446941723746e-06,0.00016589078236206245
Prevotella,p_cresol_sulfate,-0.3344821405637623,1.3597379467563222e-05,0.00021852931287155182
Sutterella,indole_3_propionate,-0.327369132650541,2.1164826558408827e-05,0.000328419722458068
Lactobacillus,GABA,0.32480619170403113,2.475656537698646e-05,0.0003713484806547969
Bifidobacterium,hydrogen_sulfide_proxy,-0.3164342942950572,4.090975961758654e-05,0.0005938513492875465
Sutterella,4_ethylphenyl_sulfate,0.31542661817401746,4.341596865327766e-05,0.0006105370591867171
Bifidobacterium,serotonin,-0.3090728956293106,6.285647019263646e-05,0.0008571336844450427
Faecalibacterium,p_cresol_sulfate,-0.3024651370877031,9.154501150690137e-05,0.001211625152297224
Prevotella,butyrate,0.28622094639699336,0.0002221997903992308,0.0028568544479901105
Prevotella,serotonin,-0.27656757851476443,0.000367172459862798,0.004498567061266342
Bifidobacterium,butyrate,0.2764236247831873,0.00036988218059301036,0.004498567061266342
Clostridium,butyrate,-0.27422197947671406,0.0004137007951200406,0.004899088363263639
Sutterella,hydrogen_sulfide_proxy,0.2691779536271401,0.0005327976758534066,0.006147665490616229
Parabacteroides,4_ethylphenyl_sulfate,0.2682069715945416,0.0005590774338855927,0.006289621131212918
Desulfovibrio,GABA,-0.2660448429986974,0.000621947391350539,0.006826251856286404
Prevotella,hydrogen_sulfide_proxy,-0.2632278660552867,0.0007136379334933949,0.007646120716000659
Sutterella,p_cresol_sulfate,0.2576108479015921,0.0009346293699586727,0.009781005034451227
Genus_000,kynurenate,-0.23613916091910223,0.0024847791413816606,0.0254125139459488
Bifidobacterium,metabolite_01,0.233474605573832,0.0027891183370561796,0.027891183370561796
Desulfovibrio,butyrate,-0.22321719654341685,0.00430088494374532,0.04207387444968248
Faecalibacterium,GABA,0.21887035837422605,0.005138784070908158,0.048430489272758
Genus_008,4_ethylphenyl_sulfate,0.2187405177535879,0.005165918855760853,0.048430489272758
Parabacteroides,kynurenate,-0.20938352520107653,0.007493264241035721,0.06881569200951174
Genus_008,indole_3_propionate,-0.20833633236940785,0.007804498883606234,0.069605330705317
Faecalibacterium,metabolite_10,-0.2080597153950048,0.007888604146602593,0.069605330705317
Genus_008,kynurenate,-0.20253584377350714,0.009745137384176056,0.08433291967075433
Clostridium,hydrogen_sulfide_proxy,0.1995720904763316,0.010892304493529905,0.09248183060544259
Sutterella,metabolite_02,0.19097156067014698,0.014920777025015016,0.12359569965564304
Desulfovibrio,metabolite_01,-0.19062720076323705,0.015106141069023039,0.12359569965564304
Genus_073,serotonin,-0.18078753981661422,0.02132190234963196,0.17133671530954253
Faecalibacterium,metabolite_01,0.1787863006854738,0.02282629577396134,0.18020759821548424
Coprococcus,metabolite_01,0.17658747800118832,0.024583682450316825,0.19073546728694088
Sutterella,butyrate,-0.17278822853642806,0.027894247965662117,0.21275273872115175
Genus_008,p_cresol_sulfate,0.17227733392043873,0.0283672284277657,0.21275421320824275
Lactobacillus,metabolite_04,0.1672812926480571,0.03336430100083999,0.2461300893504589
Parabacteroides,metabolite_01,-0.1664627322135991,0.034250313619833904,0.24859098595040735
Coprococcus,hydrogen_sulfide_proxy,-0.16413406890867546,0.03688049298551807,0.2634320927537005
Genus_056,metabolite_10,0.16345099433923121,0.03768359947985749,0.264702647614775
Genus_056,metabolite_02,-0.16290340563480069,0.03833800998602893,0.264702647614775
Coprococcus,p_cresol_sulfate,-0.16250259328413502,0.03882305498350033,0.264702647614775
Genus_045,metabolite_04,-0.16122394543306784,0.04040506618785406,0.2713773102169303
Faecalibacterium,metabolite_04,0.15971666518479002,0.04233914305151442,0.28018550548796306
Genus_001,metabolite_12,0.15572265478907252,0.04784234810316879,0.3120153137163182
Genus_073,metabolite_18,0.15521740541745876,0.048579158534124256,0.3122945905765131
Prevotella,GABA,0.15003789370287104,0.056691128637329495,0.3593099702365954
Genus_073,metabolite_05,0.14949312762062827,0.05760571637322828,0.36003572733267675
Genus_008,metabolite_17,-0.14878182682930613,0.05881814965974332,0.3625776348888287
Genus_056,metabolite_11,-0.14641929205812906,0.0629966334285774,0.38308763571432203
Genus_000,metabolite_11,-0.14569105553368022,0.06433258072996112,0.3859954843797667
Coprococcus,GABA,0.14341037680594895,0.06866705402426616,0.40297179311225384
Genus_000,p_cresol_sulfate,0.14281198090213829,0.06984285933943071,0.40297179311225384
Sutterella,metabolite_14,-0.1428091582799505,0.06984844413945733,0.40297179311225384
Clostridium,metabolite_08,0.1413526852310528,0.07277900419314917,0.41456394793565987
Parabacteroides,indole_3_propionate,-0.14048614021940242,0.07456935633887851,0.41945262940619166
Faecalibacterium,hydrogen_sulfide_proxy,-0.13935426872210016,0.07696139975600738,0.427277493402838
Prevotella,metabolite_01,0.13827884966855358,0.07929116536550995,0.427277493402838
Genus_008,metabolite_12,0.13742077252346657,0.08119055398306747,0.427277493402838
Coprococcus,metabolite_11,-0.13701431492842536,0.08210294571043983,0.427277493402838
Coprococcus,metabolite_14,0.1369606851068574,0.08222394342398902,0.427277493402838
Genus_000,metabolite_17,-0.1368816516855994,0.08240251687324593,0.427277493402838
Genus_008,metabolite_10,-0.13679132777559025,0.08260698205788201,0.427277493402838
Bifidobacterium,metabolite_14,0.13620986760490628,0.08393299708765613,0.42920282601642334
Faecalibacterium,metabolite_15,-0.13490863877633683,0.08696229523670482,0.43451781910907245
Faecalibacterium,tryptophan,0.1345840372247414,0.08773144210972142,0.43451781910907245
Genus_000,metabolite_16,-0.13440056678253529,0.0881685758598393,0.43451781910907245
Genus_001,hydrogen_sulfide_proxy,-0.13367797550246202,0.08990715327852086,0.43451781910907245
Coprococcus,propionate,-0.1334549883496269,0.0904491524040701,0.43451781910907245
Desulfovibrio,propionate,0.13332514772898876,0.09076594443611735,0.43451781910907245
Desulfovibrio,serotonin,0.132740864936117,0.09220246305496343,0.4367485092077215
Genus_073,metabolite_09,-0.13186867468009106,0.09438042277970844,0.4412903109813175
Desulfovibrio,tryptophan,-0.13157512197256127,0.09512257814486176,0.4412903109813175
Genus_073,hydrogen_sulfide_proxy,-0.12960210906329872,0.10023157047078789,0.45262953510656506
Genus_008,metabolite_19,-0.1292746848895155,0.10110000120675718,0.45262953510656506
Prevotella,metabolite_17,0.12879766173977963,0.1023758288480194,0.45262953510656506
Genus_045,metabolite_02,-0.12876096765133843,0.1024744926849191,0.45262953510656506
Faecalibacterium,metabolite_03,0.1287158056963338,0.10259602795748807,0.45262953510656506
Lactobacillus,metabolite_18,0.12786901903999795,0.10489591150578269,0.4550153480201985
Genus_008,metabolite_04,-0.12777304988561325,0.10515910265355699,0.4550153480201985
Genus_073,metabolite_11,-0.12719158971492928,0.10676484968596164,0.45756364151126416
Bifidobacterium,metabolite_17,0.12643230434641478,0.10889057972239301,0.462271329010159
Genus_008,metabolite_06,-0.12575487502134608,0.11081500468494321,0.46604441222639664
Genus_045,kynurenate,-0.12501252538595828,0.11295429226040915,0.4706428844183715
Lactobacillus,p_cresol_sulfate,-0.12329072585140871,0.11804019836620154,0.487321919860465
Genus_073,metabolite_19,0.12281370270167283,0.11948026607450872,0.4883653810204451
Parabacteroides,butyrate,-0.12233103430756138,0.12095121640488653,0.4883653810204451
Parabacteroides,metabolite_06,0.12213627337660413,0.12154871705397743,0.4883653810204451
Desulfovibrio,metabolite_08,0.12061205739519958,0.1263040800696783,0.5019763231764337
Lactobacillus,4_ethylphenyl_sulfate,-0.12031003682110644,0.1272631577564362,0.5019763231764337
Prevotella,metabolite_11,-0.11965236585135225,0.12937102706533332,0.5019763231764337
Genus_073,metabolite_13,-0.11964389798478889,0.12939834108548068,0.5019763231764337
Desulfovibrio,metabolite_00,-0.11874065888469729,0.1323373899634749,0.5089899613979805
Genus_045,metabolite_19,-0.11835395964497056,0.13361121909537596,0.5095343101094846
Faecalibacterium,metabolite_19,-0.11789387222836141,0.13513901454342647,0.5110298869289236
Genus_073,metabolite_07,0.11730394419111409,0.13711748765268705,0.5141905786975765
Genus_056,butyrate,-0.11651360997853397,0.1398026642587566,0.5199272637722353
Sutterella,metabolite_01,-0.11505995955182405,0.14484587693529155,0.5342675788596819
Bifidobacterium,metabolite_08,-0.11447285413676452,0.14692144804983676,0.5375174928652564
Coprococcus,metabolite_18,0.1139393785432729,0.1488268908429146,0.5396166526038088
Parabacteroides,metabolite_19,-0.11364300321355536,0.1498935146121691,0.5396166526038088
Parabacteroides,metabolite_18,-0.11285831424535077,0.15274541163285885,0.5425430065630659
Clostridium,metabolite_01,-0.1127566998465905,0.15311769296335415,0.5425430065630659
Faecalibacterium,metabolite_08,-0.11204822167745614,0.15573234437684597,0.5474965231998491
Parabacteroides,serotonin,0.11172079750367293,0.1569519892101491,0.5475069391051713
Genus_008,metabolite_18,0.1108232036479569,0.16033227275799258,0.553959357252777
Clostridium,metabolite_10,0.10988327045942411,0.163930124994677,0.553959357252777
Faecalibacterium,metabolite_06,-0.10962076659595998,0.1649456151378172,0.553959357252777
Genus_073,metabolite_12,-0.10954173317470196,0.16525227104608417,0.553959357252777
Genus_001,metabolite_04,0.1088360776277554,0.1680091335565483,0.553959357252777
Parabacteroides,metabolite_15,-0.10862155834148365,0.16885396243873402,0.553959357252777
Genus_056,metabolite_06,-0.10855099278678898,0.16913255566246851,0.553959357252777
Genus_001,metabolite_01,0.10849454034303328,0.16935567604280777,0.553959357252777
Genus_001,metabolite_18,-0.10836187710020732,0.1698808695575183,0.553959357252777
Genus_045,4_ethylphenyl_sulfate,0.10689693618474626,0.17576097637179727,0.5577786225593453
Genus_000,serotonin,0.10678403129723481,0.17622032815212868,0.5577786225593453
Genus_045,metabolite_00,-0.10653846316689741,0.17722247838480532,0.5577786225593453
Desulfovibrio,metabolite_14,-0.1064566071234516,0.1775574611698281,0.5577786225593453
Genus_001,metabolite_03,-0.10621950685967757,0.1785303915734771,0.5577786225593453
Prevotella,metabolite_08,-0.10620539374873865,0.17858842775236666,0.5577786225593453
Parabacteroides,p_cresol_sulfate,0.10569167651056155,0.18071041958369408,0.5577786225593453
Clostridium,metabolite_03,-0.10562957882243025,0.18096817531925427,0.5577786225593453
Coprococcus,metabolite_02,0.10347309547096156,0.1900878334479162,0.5806716559939631
Prevotella,metabolite_19,-0.10326704405125317,0.19097645574912564,0.5806716559939631
Sutterella,serotonin,0.10218880237551882,0.19567592980467777,0.5881082860287907
Prevotella,metabolite_04,0.10210694633207303,0.19603609534293023,0.5881082860287907
Coprococcus,metabolite_17,0.10145209798450662,0.1989347548446382,0.5927907997555107
Clostridium,metabolite_16,-0.10116136789916465,0.20023155902852807,0.5927907997555107
Genus_045,metabolite_12,0.10045006710784252,0.2034300748225809,0.5983237494781792
Lactobacillus,metabolite_00,0.09985731644840741,0.20612352149989152,0.6011644709374079
Clostridium,metabolite_04,-0.09941698738711276,0.20814091127718773,0.6011644709374079
Genus_056,tryptophan,0.0990810953467662,0.2096893243161112,0.6011644709374079
Coprococcus,metabolite_08,-0.09880165575017534,0.21098378182439376,0.6011644709374079
Prevotella,propionate,-0.09878189739486085,0.21107552535135654,0.6011644709374079
Genus_073,metabolite_17,-0.0974185708781601,0.2174750030458947,0.6124167782688593
Genus_056,4_ethylphenyl_sulfate,0.09696695132811431,0.21962507914136678,0.6124167782688593
Genus_001,metabolite_17,-0.09693872510623644,0.21975995893389888,0.6124167782688593
Clostridium,GABA,-0.09675243204184254,0.2206516425960509,0.6124167782688593
Parabacteroides,hydrogen_sulfide_proxy,0.09650686391150516,0.22183096635072017,0.6124167782688593
Coprococcus,metabolite_05,0.09571652969892501,0.22565683262158864,0.6191803334128957
Prevotella,tryptophan,0.09343585097119374,0.23695808100404175,0.6442867046882085
Bifidobacterium,metabolite_02,-0.09329471986180442,0.23767020661831692,0.6442867046882085
Genus_045,metabolite_14,0.09294189208833113,0.23945706768785002,0.6452435955660629
Faecalibacterium,metabolite_18,-0.09206970183230519,0.24391439593942446,0.6530006066159503
Sutterella,metabolite_00,-0.09181284321321664,0.24523800559576803,0.6530006066159503
Genus_056,metabolite_17,0.09092936246843955,0.24982871572186996,0.6568712379991138
Coprococcus,serotonin,-0.09082492544749146,0.25037529234210376,0.6568712379991138
Genus_056,metabolite_18,-0.0906922622046655,0.2510707843018835,0.6568712379991138
Genus_001,metabolite_00,0.0901616092333617,0.25386610141387483,0.6603453504985184
Coprococcus,metabolite_04,0.08865432898508385,0.2619227462091814,0.6773864126099518
Genus_045,metabolite_13,-0.08797407703782736,0.26561550517815424,0.6830112990295395
Genus_008,metabolite_00,0.08670671967551136,0.2725897182921626,0.6939015242380221
Parabacteroides,metabolite_17,-0.08664462198738006,0.27293459953362204,0.6939015242380221
Genus_008,metabolite_13,-0.08615348572670524,0.2756727116217519,0.6946040032178284
Coprococcus,metabolite_15,0.0860405808391938,0.2763047779710254,0.6946040032178284
Clostridium,metabolite_14,-0.08576678648697854,0.27784160128713137,0.6946040032178284
Genus_008,GABA,0.08496233916345945,0.2823903152370233,0.7020753693738149
Genus_056,kynurenate,0.08420023117275717,0.28674551173973617,0.7089861554004466
Genus_073,metabolite_15,-0.08320102291828085,0.2925233872766983,0.7193198047787663
Genus_008,butyrate,-0.0814509971618534,0.3028282305571197,0.7376319803319746
Prevotella,metabolite_00,0.08138043160715874,0.3032487030253673,0.7376319803319746
Genus_073,kynurenate,0.08032194828673889,0.3096019038984084,0.7475511353325357
Genus_001,metabolite_19,0.07988444184763203,0.3122531525483947,0.7475511353325357
Genus_001,metabolite_16,0.0797461333604305,0.3130943630008495,0.7475511353325357
Genus_056,serotonin,-0.07960217962885341,0.313971476839665,0.7475511353325357
Faecalibacterium,metabolite_17,-0.07893886341472364,0.3180337465580044,0.7479575464432245
Faecalibacterium,metabolite_14,0.07892475030378471,0.31812054680634616,0.7479575464432245
Faecalibacterium,metabolite_05,-0.0787610382168931,0.31912855314910915,0.7479575464432245
Sutterella,metabolite_06,0.07843643666529769,0.32113330300884785,0.7487564059791789
Lactobacillus,metabolite_05,-0.07808925413619998,0.32328651283497,0.7498913957512191
Coprococcus,metabolite_03,0.07772513587397557,0.32555474884280844,0.7512801896372502
Desulfovibrio,metabolite_07,0.07676544433012825,0.3315820384652854,0.7612852923947879
Prevotella,metabolite_16,0.07647471424478626,0.33342196575667044,0.7616237796472167
Sutterella,metabolite_05,0.0751339687055878,0.3419913070096592,0.7764566439351444
Genus_056,metabolite_04,0.07488275533087482,0.3436123199833187,0.7764566439351444
Genus_001,metabolite_07,0.07465412293366415,0.345091841748953,0.7764566439351444
Genus_008,tryptophan,-0.07336700721603362,0.3534959303922339,0.7860426854534714
Bifidobacterium,metabolite_05,0.07333313574978019,0.3537188074020685,0.7860426854534714
Lactobacillus,metabolite_14,0.07320047250695423,0.3545925892156771,0.7860426854534714
Genus_056,GABA,0.0715492385270993,0.3655811374880331,0.7958620811670533
Genus_008,propionate,0.07148996346115577,0.3659794733746265,0.7958620811670533
Genus_000,metabolite_19,0.071487140838968,0.36599844843934276,0.7958620811670533
Prevotella,metabolite_12,-0.07138834906239548,0.3666629587539307,0.7958620811670533
Genus_056,metabolite_00,0.07086616395765502,0.37018773621329243,0.7958620811670533
Genus_001,butyrate,0.07086334133546722,0.3702068455423678,0.7958620811670533
Genus_000,metabolite_06,0.0703750276969802,0.37352189053951734,0.7958620811670533
Clostridium,metabolite_19,0.07034115623072677,0.37375250890239065,0.7958620811670533
Genus_000,metabolite_14,-0.06971453410503824,0.37803467861526197,0.7958620811670533
Desulfovibrio,metabolite_12,0.0694576754859497,0.3797985983920982,0.7958620811670533
Lactobacillus,metabolite_11,-0.06939275517563061,0.3802452165575921,0.7958620811670533
Genus_008,hydrogen_sulfide_proxy,0.06939275517563061,0.3802452165575921,0.7958620811670533
Genus_056,metabolite_12,0.06781773199484589,0.3911782990412207,0.8116663705175715
Desulfovibrio,metabolite_03,-0.06732941835635886,0.39460596752732363,0.8116663705175715
Genus_045,p_cresol_sulfate,0.06716852889165506,0.3957392445641241,0.8116663705175715
Genus_000,indole_3_propionate,-0.06702175253789017,0.39677480833458256,0.8116663705175715
Lactobacillus,metabolite_17,0.06701610729351459,0.3968146700308127,0.8116663705175715
Genus_001,metabolite_08,0.06661247232066117,0.399670981428986,0.8138096906925054
Lactobacillus,metabolite_03,0.06627093503593903,0.4020974012838653,0.815062299899727
Genus_073,tryptophan,0.06553423064492683,0.4073609592573054,0.8197545955450527
Genus_045,indole_3_propionate,-0.06490478589705051,0.4118902489579993,0.8197545955450527
Genus_056,indole_3_propionate,-0.0646366367892108,0.4138287195529772,0.8197545955450527
Genus_001,propionate,0.0644729247023192,0.41501483174564535,0.8197545955450527
Genus_056,metabolite_16,0.06437977817012228,0.415690576121312,0.8197545955450527
Genus_073,GABA,0.06419630772791615,0.4170234687155528,0.8197545955450527
Bifidobacterium,metabolite_13,-0.06361767017942,0.421243524991533,0.8197545955450527
Genus_008,metabolite_09,-0.06335798893814364,0.4231454439990392,0.8197545955450527
Clostridium,metabolite_09,0.06328460076126119,0.4236838440306216,0.8197545955450527
Prevotella,metabolite_14,0.06319992209562761,0.4243055679102213,0.8197545955450527
Faecalibacterium,metabolite_07,-0.06318016374031311,0.4244507128044384,0.8197545955450527
Faecalibacterium,serotonin,-0.062434991482737554,0.4299457037762974,0.8238325701998116
Genus_000,metabolite_05,-0.06195796833300167,0.4334847095050807,0.8238325701998116
Prevotella,metabolite_03,0.06175191691329328,0.4350185382238016,0.8238325701998116
Genus_045,propionate,-0.061427315361697855,0.4374411275750448,0.8238325701998116
Genus_073,4_ethylphenyl_sulfate,-0.061427315361697855,0.4374411275750448,0.8238325701998116
Genus_008,metabolite_05,-0.06141320225075893,0.4375466317283444,0.8238325701998116
Prevotella,metabolite_13,0.059925680357795594,0.44874782450556727,0.8414021709479387
Parabacteroides,metabolite_00,0.059025263879891786,0.4556056346764148,0.8483652067485794
Genus_073,metabolite_02,-0.05894340783644598,0.456231955629236,0.8483652067485794
Desulfovibrio,metabolite_06,0.05684902217310859,0.47241928814976814,0.8659228125951924
Genus_056,hydrogen_sulfide_proxy,0.05665990648652692,0.4738962119637859,0.8659228125951924
Genus_045,tryptophan,-0.056572405198705544,0.4745804145819948,0.8659228125951924
Clostridium,metabolite_02,-0.05603046173865059,0.47883000451079216,0.8659228125951924
Genus_000,metabolite_18,0.05557884218860479,0.4823869948417414,0.8659228125951924
Genus_001,metabolite_13,-0.055412307479525406,0.48370221631149996,0.8659228125951924
Bifidobacterium,tryptophan,0.0552485953926338,0.48499702219799545,0.8659228125951924
Genus_001,metabolite_14,-0.05522319179294373,0.4851981068945813,0.8659228125951924
Sutterella,metabolite_12,-0.054825202064465874,0.4883542643627227,0.8659228125951924
Genus_056,p_cresol_sulfate,0.05466713522194983,0.48961080933206513,0.8659228125951924
Clostridium,metabolite_05,-0.05456269820100175,0.4904419713738031,0.8659228125951924
Genus_001,GABA,-0.05442721233598801,0.4915213544807512,0.8659228125951924
Genus_056,metabolite_05,0.05433688842597885,0.492241644475188,0.8659228125951924
Faecalibacterium,metabolite_00,0.05423527402721854,0.4930526405730365,0.8659228125951924
Sutterella,GABA,-0.05367921745622466,0.4975031202610267,0.8659228125951924
Desulfovibrio,metabolite_18,-0.05358042567965214,0.498296025368434,0.8659228125951924
Parabacteroides,metabolite_09,-0.053569135190900986,0.49838668547145515,0.8659228125951924
Desulfovibrio,metabolite_11,-0.05310622515210405,0.5021112192828975,0.869038648758861
Faecalibacterium,metabolite_16,0.0524824256486033,0.5071532347043264,0.8714872224965986
Lactobacillus,metabolite_13,-0.05220016342982466,0.509443316857585,0.8714872224965986
Genus_008,serotonin,0.0518445130341636,0.5123364386368291,0.8714872224965986
Coprococcus,metabolite_06,-0.05174854387977887,0.5131185737371998,0.8714872224965986
Genus_045,metabolite_09,0.051624348503516285,0.5141316623022566,0.8714872224965986
Prevotella,metabolite_05,0.05150015312725368,0.5151457804091005,0.8714872224965986
Genus_056,metabolite_14,-0.050190456432120875,0.5259024188249563,0.8863523912780161
Parabacteroides,metabolite_14,-0.0495468985733056,0.5312293720091582,0.8904770378887045
Lactobacillus,indole_3_propionate,0.049417057952667445,0.5323073848712477,0.8904770378887045
Genus_001,p_cresol_sulfate,-0.04807066716909341,0.5435501920182952,0.9059169866971588
Lactobacillus,kynurenate,0.04661137149800793,0.5558665284163394,0.9173396534566735
Lactobacillus,metabolite_01,0.046410965322675114,0.5575684175012996,0.9173396534566735
Lactobacillus,metabolite_16,-0.046337577145792674,0.5581922723133521,0.9173396534566735
Desulfovibrio,metabolite_02,0.046139993592647637,0.5598735505321899,0.9173396534566735
Bifidobacterium,metabolite_07,0.0455303072000858,0.5650767735843851,0.9173396534566735
Genus_001,metabolite_10,-0.0454682095119545,0.5656080210089067,0.9173396534566735
Genus_001,metabolite_11,0.045180302048800317,0.5680741774638699,0.9173396534566735
Lactobacillus,metabolite_12,0.044903685074397265,0.5704484111167986,0.9173396534566735
Coprococcus,metabolite_16,-0.044367386858717876,0.5750648135370825,0.9173396534566735
Desulfovibrio,metabolite_09,-0.04427706294870872,0.575844031100915,0.9173396534566735
Bifidobacterium,propionate,-0.04420649739401407,0.5764531382357019,0.9173396534566735
Lactobacillus,hydrogen_sulfide_proxy,-0.043819798154287354,0.5797963785661274,0.9173396534566735
Desulfovibrio,metabolite_13,0.0432355153614156,0.5848648609104453,0.9173396534566735
Desulfovibrio,metabolite_15,-0.04316494980672094,0.5854783747847713,0.9173396534566735
Prevotella,metabolite_18,0.04311696522952857,0.5858957332486079,0.9173396534566735
Lactobacillus,butyrate,-0.043006882964204914,0.5868537190489151,0.9173396534566735
Coprococcus,metabolite_07,0.04264276470198049,0.5900275506912454,0.9173396534566735
Coprococcus,metabolite_19,-0.04251574670353011,0.5911365411076878,0.9173396534566735
Genus_056,metabolite_13,0.04221372612943698,0.5937772785282275,0.9173396534566735
Bifidobacterium,metabolite_11,-0.042177032040995766,0.5940984797570324,0.9173396534566735
Bifidobacterium,metabolite_10,-0.04190606031096829,0.5964728602358647,0.9173396534566735
Genus_000,hydrogen_sulfide_proxy,0.04182702688971027,0.5971661933463254,0.9173396534566735
Genus_073,p_cresol_sulfate,-0.04181291377877134,0.5972900410284563,0.9173396534566735
Genus_045,metabolite_15,0.04123145360808737,0.6024025886539446,0.9212250347622144
Genus_008,metabolite_14,0.040525798061140816,0.6086332236792338,0.9212250347622144
Genus_045,metabolite_18,-0.040443942017695016,0.6093578136871383,0.9212250347622144
Clostridium,metabolite_13,-0.040432651528943875,0.6094577869500956,0.9212250347622144
Faecalibacterium,metabolite_02,0.03983143300294541,0.6147917581076238,0.9212250347622144
Genus_045,metabolite_07,-0.039794738914504184,0.6151179637251846,0.9212250347622144
Sutterella,metabolite_03,-0.03973546384856067,0.6156450704925398,0.9212250347622144
Clostridium,metabolite_06,-0.03937416820852404,0.6188621527528428,0.9212250347622144
Sutterella,metabolite_10,-0.039176584655379,0.6206245645198271,0.9212250347622144
Coprococcus,tryptophan,0.039049566656928617,0.6217586847011535,0.9212250347622144
Genus_000,metabolite_01,-0.03898464634660954,0.6223386901504737,0.9212250347622144
Genus_073,metabolite_04,0.03835237897654543,0.6279995436018636,0.9235659768644556
Desulfovibrio,metabolite_05,-0.03834955635435763,0.6280248642678298,0.9235659768644556
Faecalibacterium,metabolite_11,0.0378443069827439,0.6325642267976549,0.927211407358126
Genus_045,serotonin,-0.037398332677073674,0.6365824715100271,0.9281783777697377
Genus_045,metabolite_11,0.03720639436830421,0.6383151166410652,0.9281783777697377
Genus_073,propionate,-0.037085021614229406,0.639411771352486,0.9281783777697377
Genus_073,indole_3_propionate,0.03654590077636223,0.6442923730210136,0.929341672673711
Parabacteroides,tryptophan,0.03654025553198666,0.6443435597204397,0.929341672673711
Parabacteroides,metabolite_11,-0.036212831358203454,0.6473152399233204,0.9306449136277769
Parabacteroides,metabolite_03,0.03462934031085538,0.6617649140980842,0.9453357241319202
Lactobacillus,metabolite_19,-0.03438941742489355,0.6639653557575959,0.9453357241319202
Genus_000,tryptophan,-0.0342765125373821,0.6650018531171737,0.9453357241319202
Clostridium,tryptophan,-0.0340309444070447,0.6672584241114704,0.9453357241319202
Genus_073,metabolite_00,0.03394626574141111,0.6680372450532237,0.9453357241319202
Sutterella,metabolite_17,-0.033596260590125625,0.6712601213402537,0.9469186664674425
Genus_000,propionate,-0.03205510887559434,0.6855218500270507,0.9606073150121648
Genus_000,metabolite_13,-0.03199583380965083,0.6860726409993572,0.9606073150121648
Genus_056,metabolite_15,0.03148493919366152,0.6908267573273871,0.9606073150121648
Parabacteroides,metabolite_07,-0.031140579286751596,0.6940380316863408,0.9606073150121648
Clostridium,metabolite_12,-0.03077363840233939,0.6974658788793145,0.9606073150121648
Lactobacillus,metabolite_08,-0.030578877471382142,0.6992877677284025,0.9606073150121648
Genus_000,metabolite_07,0.030324841474481376,0.701666723090954,0.9606073150121648
Desulfovibrio,metabolite_10,0.0302994378747913,0.7019047784716234,0.9606073150121648
Genus_073,butyrate,0.030104676943834056,0.7037308309475558,0.9606073150121648
Genus_008,metabolite_07,0.029822414725055427,0.7063802877967327,0.9606073150121648
Genus_056,metabolite_08,0.029765962281299706,0.7069106035993482,0.9606073150121648
Genus_008,metabolite_11,0.029726445570670695,0.7072819085347088,0.9606073150121648
Genus_000,4_ethylphenyl_sulfate,0.02957402397253024,0.7087147301867527,0.9606073150121648
Bifidobacterium,metabolite_06,-0.02908288771185544,0.7133385273624532,0.963178093861581
Coprococcus,metabolite_10,0.028715946827443224,0.7167999209375083,0.963178093861581
Prevotella,metabolite_02,-0.02858046096242949,0.7180794364878846,0.963178093861581
Lactobacillus,metabolite_06,0.02846473345273025,0.7191729767499806,0.963178093861581
Bifidobacterium,metabolite_15,-0.027905854259548578,0.7244619594826385,0.966132207927113
Sutterella,metabolite_18,0.027310280977925684,0.7301125665312992,0.966132207927113
Genus_000,GABA,-0.027166327246348588,0.7314805472978827,0.966132207927113
Genus_045,metabolite_03,0.027090116447278358,0.7322051152193138,0.966132207927113
Genus_056,metabolite_01,-0.026573576586913474,0.737122281035107,0.966132207927113
Sutterella,metabolite_08,0.02581711384058677,0.7443426034447188,0.966132207927113
Genus_008,metabolite_08,0.02577759712995776,0.7447204032386794,0.966132207927113
Genus_001,metabolite_06,-0.025743725663704323,0.7450442800688709,0.966132207927113
Sutterella,tryptophan,0.025599771932127226,0.7464212541312855,0.966132207927113
Genus_001,metabolite_09,-0.02552920637743257,0.7470965347820644,0.966132207927113
Genus_045,metabolite_08,0.025077586827386776,0.7514228656620509,0.966132207927113
Genus_001,serotonin,0.024896939007368453,0.7531555760421257,0.966132207927113
Clostridium,metabolite_17,-0.024891293762992883,0.7532097431430761,0.966132207927113
Genus_008,metabolite_01,0.024721936431725707,0.7548353146269658,0.966132207927113
Genus_008,metabolite_15,-0.024030393995718078,0.7614841645550718,0.966132207927113
Clostridium,metabolite_00,0.023945715330084494,0.7622995206237305,0.966132207927113
Sutterella,metabolite_04,-0.023861036664450906,0.7631151381040052,0.966132207927113
Sutterella,propionate,0.02371708293287381,0.7645022853761109,0.966132207927113
Bifidobacterium,metabolite_19,-0.023251350271889078,0.7689952244793538,0.966132207927113
Genus_001,metabolite_02,-0.022811021210594428,0.7732501761564152,0.966132207927113
Genus_000,metabolite_10,0.02275174614465092,0.7738234771203533,0.966132207927113
Parabacteroides,metabolite_12,-0.02274610090027535,0.7738780835918602,0.966132207927113
Prevotella,metabolite_07,0.02260779241307382,0.7752162877799699,0.966132207927113
Genus_001,4_ethylphenyl_sulfate,-0.02217310859615474,0.7794263623810027,0.966132207927113
Desulfovibrio,metabolite_17,0.02207713944177001,0.7803567285176919,0.966132207927113
Lactobacillus,metabolite_07,0.022029154864577644,0.7808220285337605,0.966132207927113
Genus_000,metabolite_03,0.021676327091104362,0.7842457298425388,0.966132207927113
Genus_045,metabolite_17,-0.021512615004212764,0.7858357377260304,0.966132207927113
Genus_056,metabolite_03,0.021264224251687572,0.7882498522572763,0.966132207927113
Genus_056,propionate,0.020849298790082998,0.7922870073836447,0.966132207927113
Bifidobacterium,metabolite_18,-0.02080978207945399,0.7926717880766877,0.966132207927113
Parabacteroides,metabolite_02,-0.020705345058505898,0.7936889490264409,0.966132207927113
Clostridium,metabolite_18,0.020544455593802087,0.7952566066053733,0.966132207927113
Genus_073,metabolite_14,-0.0205416329716143,0.7952841167000966,0.966132207927113
Genus_008,metabolite_03,0.02041461497316392,0.7965223314243531,0.966132207927113
Genus_045,metabolite_06,0.02008436817719293,0.7997440579418662,0.9674323281554833
Lactobacillus,metabolite_02,0.019412584096499808,0.8063080291260158,0.9677430108735687
Sutterella,metabolite_07,-0.01925169463179599,0.8078820995393281,0.9677430108735687
Parabacteroides,metabolite_05,0.018173452956061653,0.8184507270735785,0.9677430108735687
Clostridium,metabolite_11,0.01815933984512272,0.8185892812703343,0.9677430108735687
Genus_073,metabolite_03,-0.018142404111996004,0.8187555537144965,0.9677430108735687
Parabacteroides,metabolite_16,-0.018108532645742567,0.8190881228199549,0.9677430108735687
Clostridium,metabolite_15,-0.018049257579799055,0.819670196301992,0.9677430108735687
Genus_045,hydrogen_sulfide_proxy,0.017848851404466234,0.821638886213597,0.9677430108735687
Genus_045,GABA,-0.01768796193976242,0.8232201899791065,0.9677430108735687
Genus_001,kynurenate,0.017467797409115093,0.8253852309326785,0.9677430108735687
Desulfovibrio,metabolite_19,0.01743392594286166,0.8257184313881328,0.9677430108735687
Genus_001,indole_3_propionate,0.01739723185442044,0.8260794336405778,0.9677430108735687
Prevotella,metabolite_10,-0.016993596881567007,0.8300528463339641,0.9677430108735687
Prevotella,metabolite_06,0.016987951637191433,0.8301084493271057,0.9677430108735687
Genus_045,metabolite_16,0.016722625151539525,0.8327227360179739,0.9682822511836906
Bifidobacterium,metabolite_03,-0.01616939120273343,0.8381796679136662,0.9718087857621138
Faecalibacterium,metabolite_13,0.015977452893963965,0.8400747059143605,0.9718087857621138
Sutterella,metabolite_15,-0.015305668813270841,0.8467145038248257,0.9743341059076408
Lactobacillus,serotonin,0.015300023568895265,0.8467703468367089,0.9743341059076408
Genus_045,metabolite_05,0.015099617393562446,0.8487532655906559,0.9743341059076408
Coprococcus,metabolite_13,-0.014425010690681537,0.8554350610079919,0.9754120791920492
Prevotella,metabolite_09,-0.014275411714728865,0.8569182074896597,0.9754120791920492
Desulfovibrio,metabolite_16,-0.014086296028147188,0.8587938443373947,0.9754120791920492
Genus_073,metabolite_01,0.013950810163133449,0.8601380703529553,0.9754120791920492
Genus_000,metabolite_15,0.013911293452504442,0.8605302120872079,0.9754120791920492
Genus_045,metabolite_01,0.013482254879960935,0.8647899239435343,0.9764338362455738
Lactobacillus,metabolite_09,0.013383463103388416,0.8657713348044087,0.9764338362455738
Genus_000,metabolite_09,0.012799180310516665,0.8715798228534467,0.9784451789449474
Genus_000,metabolite_02,0.012581838402057125,0.8737422371204603,0.9784451789449474
Genus_000,metabolite_00,-0.012141509340762476,0.8781260806773176,0.9784451789449474
Genus_045,metabolite_10,0.012085056897006749,0.8786883826231574,0.9784451789449474
Bifidobacterium,metabolite_16,-0.011912876943551788,0.880403776819015,0.9784451789449474
Sutterella,metabolite_11,0.011893118588237286,0.8806006610504526,0.9784451789449474
Genus_073,metabolite_08,0.0116644861910266,0.882879421598249,0.9785609352689952
Genus_000,metabolite_12,-0.010320918029640356,0.8962894576865674,0.987044823376981
Genus_008,metabolite_02,-0.009186223910150289,0.907637803990452,0.987044823376981
Genus_001,tryptophan,-0.00907331902263884,0.9087680533994352,0.987044823376981
Sutterella,metabolite_09,-0.00890960693574724,0.9104072394449134,0.987044823376981
Coprococcus,metabolite_00,-0.008895493824808308,0.9105485663747849,0.987044823376981
Coprococcus,metabolite_12,0.008827750892301438,0.9112269745865862,0.987044823376981
Parabacteroides,metabolite_04,0.00871484600478999,0.9123577971632214,0.987044823376981
Parabacteroides,GABA,0.008254758588180833,0.9169676934219497,0.987044823376981
Lactobacillus,propionate,0.008178547789110605,0.9177315671225951,0.987044823376981
Genus_001,metabolite_15,0.008119272723167094,0.9183257431620571,0.987044823376981
Genus_073,metabolite_10,-0.007678943661872443,0.9227410150076826,0.987044823376981
Bifidobacterium,metabolite_12,0.007630959084680076,0.9232223114098819,0.987044823376981
Genus_001,metabolite_05,0.007159581179319776,0.9279517940833263,0.987044823376981
Bifidobacterium,metabolite_09,-0.007125709713066341,0.9282917362611832,0.987044823376981
Sutterella,metabolite_19,-0.007055144158371686,0.928999990700146,0.987044823376981
Genus_073,metabolite_06,-0.007009982203367106,0.929453302815918,0.987044823376981
Parabacteroides,metabolite_08,0.006465216121124363,0.9349231246052289,0.987044823376981
Bifidobacterium,metabolite_04,-0.006434167277058715,0.935234970234283,0.987044823376981
Genus_045,butyrate,-0.0064228767883075695,0.9353483710879226,0.987044823376981
Desulfovibrio,metabolite_04,-0.006366424344551845,0.935915394801429,0.987044823376981
Bifidobacterium,metabolite_00,0.006298681412044975,0.936595865737713,0.987044823376981
Genus_073,metabolite_16,-0.0057539153298022325,0.942069612247304,0.9892264599748143
Genus_000,butyrate,0.005655123553229715,0.943062558509323,0.9892264599748143
Parabacteroides,metabolite_10,-0.00538979706757781,0.9457297580726508,0.9897171886806811
Genus_056,metabolite_09,0.00486478934064957,0.9510091561483389,0.9903972261433559
Coprococcus,metabolite_09,-0.004785755919391556,0.9518040944013275,0.9903972261433559
Faecalibacterium,metabolite_12,-0.004480912723110643,0.9548707228621864,0.9903972261433559
Prevotella,metabolite_15,0.004449863879044994,0.9551831025471477,0.9903972261433559
Parabacteroides,propionate,-0.0038034833980419474,0.9616877571689904,0.9948494039679211
Faecalibacterium,metabolite_09,0.00298492296358394,0.9699286647304108,0.9975664224692502
Lactobacillus,metabolite_10,0.0027562905663732554,0.9722310413698443,0.9975664224692502
Clostridium,metabolite_07,-0.0018220026222160123,0.9816416981781697,0.9975664224692502
Genus_000,metabolite_04,-0.001401431916235864,0.9858788191460964,0.9975664224692502
Genus_000,metabolite_08,0.0013280437393534221,0.9866182263105997,0.9975664224692502
Genus_008,metabolite_16,0.0011897352521518967,0.9880117548743549,0.9975664224692502
Sutterella,metabolite_16,0.0011050565865183095,0.9888649537778222,0.9975664224692502
Faecalibacterium,propionate,0.0009469897440022808,0.9904576247347068,0.9975664224692502
Lactobacillus,tryptophan,-0.0008566658339931213,0.9913677397398174,0.9975664224692502
Genus_056,metabolite_07,-0.000732470457730527,0.9926191658004087,0.9975664224692502
Clostridium,propionate,0.00067037276959923,0.9932448857664657,0.9975664224692502
Sutterella,metabolite_13,-0.0005856941039656429,0.9940981468237065,0.9975664224692502
Genus_056,metabolite_19,-0.000501015438332056,0.9949514145672445,0.9975664224692502
Lactobacillus,metabolite_15,0.0004614987277030489,0.9953496081970964,0.9975664224692502
Parabacteroides,metabolite_13,-9.455784329083875e-05,0.9990471623091434,0.9990471623091434
